CODE;NAMDGM;NAMFGM;NAMFGM_k
2321;MEER;HOOGSTRATEN;Hoogstraten
2328;MEERLE;HOOGSTRATEN;Hoogstraten
2382;POPPEL;RAVELS;Ravels
2910;ESSEN;ESSEN;Essen
2322;MINDERHOUT;HOOGSTRATEN;Hoogstraten
2920;KALMTHOUT;KALMTHOUT;Kalmthout
2381;WEELDE;RAVELS;Ravels
2990;WUUSTWEZEL;WUUSTWEZEL;Wuustwezel
2990;LOENHOUT;WUUSTWEZEL;Wuustwezel
2320;HOOGSTRATEN;HOOGSTRATEN;Hoogstraten
2323;WORTEL;HOOGSTRATEN;Hoogstraten
2330;MERKSPLAS;MERKSPLAS;Merksplas
2380;RAVELS;RAVELS;Ravels
2387;BAARLE-HERTOG;BAARLE-HERTOG;Baarle-hertog
2300;TURNHOUT;TURNHOUT;Turnhout
2370;ARENDONK;ARENDONK;Arendonk
2310;RIJKEVORSEL;RIJKEVORSEL;Rijkevorsel
2960;SINT-LENAARTS;BRECHT;Brecht
2040;ZANDVLIET - KERN;ANTWERPEN;Antwerpen
2960;BRECHT;BRECHT;Brecht
2000;SCHELDE;ANTWERPEN;Antwerpen
2360;OUD-TURNHOUT;OUD-TURNHOUT;Oud-turnhout
2950;KAPELLEN (KAPELLEN);KAPELLEN;Kapellen
2940;STABROEK;STABROEK;Stabroek
2930;BRASSCHAAT;BRASSCHAAT;Brasschaat
2340;BEERSE;BEERSE;Beerse
2000;ALBERTDOK;ANTWERPEN;Antwerpen
2950;MARIABURG;KAPELLEN;Kapellen
2940;HOEVENEN;STABROEK;Stabroek
2350;VOSSELAAR;VOSSELAAR;Vosselaar
2390;OOSTMALLE;MALLE;Malle
2390;WESTMALLE;MALLE;Malle
2400;MOL;MOL;Mol
2340;VLIMMEREN;BEERSE;Beerse
2960;SINT-JOB-IN-'T GOOR;BRECHT;Brecht
2180;EKEREN;ANTWERPEN;Antwerpen
2900;SCHOTEN;SCHOTEN;Schoten
2275;GIERLE;LILLE;Lille
2470;RETIE;RETIE;Retie
2970;SCHILDE;SCHILDE;Schilde
2980;ZOERSEL;ZOERSEL;Zoersel
2970;'S GRAVENWEZEL;SCHILDE;Schilde
2275;WECHELDERZANDE;LILLE;Lille
2460;TIELEN;KASTERLEE;Kasterlee
2275;LILLE;LILLE;Lille
2000;OUDE HAVEN;ANTWERPEN;Antwerpen
2460;KASTERLEE;KASTERLEE;Kasterlee
2480;DESSEL;DESSEL;Dessel
2170;MERKSEM;ANTWERPEN;Antwerpen
2460;LICHTAART;KASTERLEE;Kasterlee
2980;HALLE (ZOERSEL);ZOERSEL;Zoersel
2070;ZWIJNDRECHT;ZWIJNDRECHT;Zwijndrecht
2290;VORSELAAR;VORSELAAR;Vorselaar
2242;PULDERBOS;ZANDHOVEN;Zandhoven
2440;TEN AARD;GEEL;Geel
2240;ZANDHOVEN;ZANDHOVEN;Zandhoven
2110;WIJNEGEM;WIJNEGEM;Wijnegem
2275;POEDERLEE;LILLE;Lille
2100;DEURNE (ANTWERPEN);ANTWERPEN;Antwerpen
2000;LINKEROEVER;ANTWERPEN;Antwerpen
2000;SINT-AMANDUS;ANTWERPEN;Antwerpen
2520;OELEGEM;RANST;Ranst
2000;STATIEKWARTIER;ANTWERPEN;Antwerpen
2000;ANTWERPEN KERN - OUDE STAD;ANTWERPEN;Antwerpen
2140;BORGERHOUT;ANTWERPEN;Antwerpen
2243;PULLE;ZANDHOVEN;Zandhoven
2160;WOMMELGEM;WOMMELGEM;Wommelgem
2520;RANST;RANST;Ranst
2280;GROBBENDONK;GROBBENDONK;Grobbendonk
2200;HERENTALS;HERENTALS;Herentals
2070;BURCHT;ZWIJNDRECHT;Zwijndrecht
2490;BALEN;BALEN;Balen
2000;WAALSE KAAI;ANTWERPEN;Antwerpen
2240;MASSENHOVEN;ZANDHOVEN;Zandhoven
2440;GEEL;GEEL;Geel
2000;CHARLOTTALEI;ANTWERPEN;Antwerpen
2600;BERCHEM (ANTWERPEN);ANTWERPEN;Antwerpen
2000;SINT-LAURENTIUS;ANTWERPEN;Antwerpen
2240;VIERSEL;ZANDHOVEN;Zandhoven
2000;SINT-CATHARINA;ANTWERPEN;Antwerpen
2150;BORSBEEK;BORSBEEK;Borsbeek
2520;BROECHEM;RANST;Ranst
2250;OLEN;OLEN;Olen
2660;HOBOKEN;ANTWERPEN;Antwerpen
2531;VREMDE;BOECHOUT;Boechout
2640;MORTSEL;MORTSEL;Mortsel
2530;BOECHOUT;BOECHOUT;Boechout
2610;WILRIJK;ANTWERPEN;Antwerpen
2560;NIJLEN;NIJLEN;Nijlen
2520;EMBLEM;RANST;Ranst
2288;BOUWEL;GROBBENDONK;Grobbendonk
2650;EDEGEM;EDEGEM;Edegem
2500;LIER;LIER;Lier
2270;HERENTHOUT;HERENTHOUT;Herenthout
2560;KESSEL;NIJLEN;Nijlen
2200;NOORDERWIJK;HERENTALS;Herentals
2540;HOVE;HOVE;Hove
2620;HEMIKSEM;HEMIKSEM;Hemiksem
2450;MEERHOUT;MEERHOUT;Meerhout
2491;OLMEN;BALEN;Balen
2630;AARTSELAAR;AARTSELAAR;Aartselaar
2560;BEVEL;NIJLEN;Nijlen
2550;KONTICH;KONTICH;Kontich
2260;OEVEL;WESTERLO;Westerlo
2260;TONGERLO (WESTERLO);WESTERLO;Westerlo
2547;LINT;LINT;Lint
2590;BERLAAR;BERLAAR;Berlaar
2627;SCHELLE;SCHELLE;Schelle
2200;MORKHOVEN;HERENTALS;Herentals
2222;ITEGEM;HEIST-OP-DEN-BERG;Heist-op-den-berg
2222;WIEKEVORST;HEIST-OP-DEN-BERG;Heist-op-den-berg
2880;HINGENE;BORNEM;Bornem
2260;WESTERLO;WESTERLO;Westerlo
2880;BORNEM;BORNEM;Bornem
2840;REET;RUMST;Rumst
2430;EINDHOUT;LAAKDAL;Laakdal
2880;WEERT;BORNEM;Bornem
2570;DUFFEL;DUFFEL;Duffel
2550;WAARLOOS;KONTICH;Kontich
2845;NIEL;NIEL;Niel
2500;KONINGSHOOIKT;LIER;Lier
2430;VORST (LAAKDAL);LAAKDAL;Laakdal
2850;BOOM;BOOM;Boom
2870;RUISBROEK (PUURS);PUURS;Puurs
2840;RUMST;RUMST;Rumst
2260;ZOERLE-PARWIJS;WESTERLO;Westerlo
2220;HALLAAR;HEIST-OP-DEN-BERG;Heist-op-den-berg
2220;HEIST-OP-DEN-BERG;HEIST-OP-DEN-BERG;Heist-op-den-berg
2431;VARENDONK;LAAKDAL;Laakdal
2230;HERSELT;HERSELT;Herselt
2870;PUURS;PUURS;Puurs
2860;SINT-KATELIJNE-WAVER;SINT-KATELIJNE-WAVER;Sint-katelijne-waver
2840;TERHAGEN;RUMST;Rumst
2235;HULSHOUT;HULSHOUT;Hulshout
2580;PUTTE;PUTTE;Putte
2431;VEERLE;LAAKDAL;Laakdal
2830;WILLEBROEK;WILLEBROEK;Willebroek
2580;BEERZEL;PUTTE;Putte
2861;ONZE-LIEVE-VROUW-WAVER;SINT-KATELIJNE-WAVER;Sint-katelijne-waver
2830;HEINDONK;WILLEBROEK;Willebroek
2800;WALEM;MECHELEN;Mechelen
2890;OPPUURS;SINT-AMANDS;Sint-amands
2880;MARIEKERKE;BORNEM;Bornem
2235;WESTMEERBEEK;HULSHOUT;Hulshout
2221;BOOISCHOT;HEIST-OP-DEN-BERG;Heist-op-den-berg
2870;LIEZELE;PUURS;Puurs
2830;BLAASVELD;WILLEBROEK;Willebroek
2801;HEFFEN;MECHELEN;Mechelen
2800;MECHELEN;MECHELEN;Mechelen
2235;HOUTVENNE;HULSHOUT;Hulshout
2870;BREENDONK;PUURS;Puurs
2890;SINT-AMANDS;SINT-AMANDS;Sint-amands
2230;RAMSEL;HERSELT;Herselt
2890;LIPPELO;SINT-AMANDS;Sint-amands
2830;TISSELT;WILLEBROEK;Willebroek
2820;BONHEIDEN;BONHEIDEN;Bonheiden
2223;SCHRIEK;HEIST-OP-DEN-BERG;Heist-op-den-berg
2811;LEEST;MECHELEN;Mechelen
2820;RIJMENAM;BONHEIDEN;Bonheiden
2811;HOMBEEK;MECHELEN;Mechelen
2812;MUIZEN (MECHELEN);MECHELEN;Mechelen
8300;KNOKKE;KNOKKE-HEIST;Knokke-heist
8380;LISSEWEGE ( & ZEEBRUGGE );BRUGGE;Brugge
8301;HEIST;KNOKKE-HEIST;Knokke-heist
8300;WESTKAPELLE;KNOKKE-HEIST;Knokke-heist
8301;RAMSKAPELLE (KNOKKE-HEIST);KNOKKE-HEIST;Knokke-heist
8370;BLANKENBERGE;BLANKENBERGE;Blankenberge
8370;UITKERKE;BLANKENBERGE;Blankenberge
8380;DUDZELE;BRUGGE;Brugge
8420;WENDUINE;DE HAAN;De haan
8340;OOSTKERKE + HOEKE;DAMME;Damme
8340;LAPSCHEURE;DAMME;Damme
8421;VLISSEGEM;DE HAAN;De haan
8377;NIEUWMUNSTER;ZUIENKERKE;Zuienkerke
8377;ZUIENKERKE;ZUIENKERKE;Zuienkerke
8340;DAMME;DAMME;Damme
8420;KLEMSKERKE;DE HAAN;De haan
8000;BRUGGE;BRUGGE;Brugge
8377;HOUTAVE;ZUIENKERKE;Zuienkerke
8340;MOERKERKE;DAMME;Damme
8450;BREDENE;BREDENE;Bredene
8377;MEETKERKE;ZUIENKERKE;Zuienkerke
8000;KOOLKERKE;BRUGGE;Brugge
8400;VOORHAVEN;OOSTENDE;Oostende
8340;AFDELING 2 - SINT-KRUIS;DAMME;Damme
8400;OOSTENDE;OOSTENDE;Oostende
8310;SINT-KRUIS;BRUGGE;Brugge
8490;STALHILLE;JABBEKE;Jabbeke
8460;OUDENBURG;OUDENBURG;Oudenburg
8200;SINT-ANDRIES;BRUGGE;Brugge
8400;OOSTENDE ZANDVOORDE;OOSTENDE;Oostende
8340;SIJSELE;DAMME;Damme
8400;NIEUWE KOERSWIJK;OOSTENDE;Oostende
8460;ETTELGEM;OUDENBURG;Oudenburg
8490;VARSENARE;JABBEKE;Jabbeke
8400;OOSTENDE - STENE;OOSTENDE;Oostende
8400;STENE - DORP;OOSTENDE;Oostende
8490;SNELLEGEM;JABBEKE;Jabbeke
8310;ASSEBROEK;BRUGGE;Brugge
8490;JABBEKE;JABBEKE;Jabbeke
8430;MIDDELKERKE;MIDDELKERKE;Middelkerke
8470;SNAASKERKE;GISTEL;Gistel
8200;SINT-MICHIELS;BRUGGE;Brugge
8730;OEDELEM;BEERNEM;Beernem
8490;ZERKEGEM;JABBEKE;Jabbeke
8432;LEFFINGE;MIDDELKERKE;Middelkerke
8431;WILSKERKE;MIDDELKERKE;Middelkerke
8020;OOSTKAMP;OOSTKAMP;Oostkamp
8460;WESTKERKE;OUDENBURG;Oudenburg
8433;SLIJPE;MIDDELKERKE;Middelkerke
8470;GISTEL;GISTEL;Gistel
8460;ROKSEM;OUDENBURG;Oudenburg
8434;WESTENDE;MIDDELKERKE;Middelkerke
8434;LOMBARDSIJDE;MIDDELKERKE;Middelkerke
8210;LOPPEM;ZEDELGEM;Zedelgem
8620;NIEUWPOORT;NIEUWPOORT;Nieuwpoort
8480;BEKEGEM;ICHTEGEM;Ichtegem
8210;ZEDELGEM;ZEDELGEM;Zedelgem
8470;ZEVEKOTE;GISTEL;Gistel
8730;BEERNEM;BEERNEM;Beernem
8470;MOERE;GISTEL;Gistel
8433;MANNEKENSVERE;MIDDELKERKE;Middelkerke
8480;EERNEGEM;ICHTEGEM;Ichtegem
8670;OOSTDUINKERKE;KOKSIJDE;Koksijde
8620;SINT-JORIS (NIEUWPOORT);NIEUWPOORT;Nieuwpoort
8211;AARTRIJKE;ZEDELGEM;Zedelgem
8730;SINT-JORIS (BEERNEM);BEERNEM;Beernem
8433;SINT-PIETERS-KAPELLE (MIDDELKERKE);MIDDELKERKE;Middelkerke
8680;ZANDE;KOEKELARE;Koekelare
8670;KOKSIJDE;KOKSIJDE;Koksijde
8433;SCHORE;MIDDELKERKE;Middelkerke
8620;RAMSKAPELLE (NIEUWPOORT);NIEUWPOORT;Nieuwpoort
8020;HERTSBERGE;OOSTKAMP;Oostkamp
8680;KOEKELARE;KOEKELARE;Koekelare
8020;WAARDAMME;OOSTKAMP;Oostkamp
8210;VELDEGEM;ZEDELGEM;Zedelgem
8480;ICHTEGEM;ICHTEGEM;Ichtegem
8600;LEKE;DIKSMUIDE;Diksmuide
8670;WULPEN;KOKSIJDE;Koksijde
8660;DE PANNE;DE PANNE;De panne
8020;RUDDERVOORDE;OOSTKAMP;Oostkamp
8600;KEIEM;DIKSMUIDE;Diksmuide
8600;PERVIJZE;DIKSMUIDE;Diksmuide
8820;WIJNENDALE;TORHOUT;Torhout
8750;WINGENE;WINGENE;Wingene
8630;BOOITSHOEKE;VEURNE;Veurne
8600;STUIVEKENSKERKE;DIKSMUIDE;Diksmuide
8755;RUISELEDE;RUISELEDE;Ruiselede
8660;ADINKERKE;DE PANNE;De panne
8630;VEURNE;VEURNE;Veurne
8600;VLADSLO;DIKSMUIDE;Diksmuide
8820;TORHOUT;TORHOUT;Torhout
8630;STEENKERKE;VEURNE;Veurne
8630;AVEKAPELLE;VEURNE;Veurne
8600;BEERST;DIKSMUIDE;Diksmuide
8600;DIKSMUIDE;DIKSMUIDE;Diksmuide
8680;BOVEKERKE;KOEKELARE;Koekelare
8610;HANDZAME;KORTEMARK;Kortemark
8600;LAMPERNISSE;DIKSMUIDE;Diksmuide
8810;LICHTERVELDE;LICHTERVELDE;Lichtervelde
8750;ZWEVEZELE;WINGENE;Wingene
8630;EGGEWAARTSKAPELLE;VEURNE;Veurne
8630;DE MOEREN;VEURNE;Veurne
8630;BULSKAMP;VEURNE;Veurne
8630;ZOUTENAAIE;VEURNE;Veurne
8610;KORTEMARK;KORTEMARK;Kortemark
8600;OOSTKERKE;DIKSMUIDE;Diksmuide
8610;WERKEN;KORTEMARK;Kortemark
8700;SCHUIFERSKAPELLE;TIELT;Tielt
8690;ALVERINGEM;ALVERINGEM;Alveringem
8630;BEAUVOORDE;VEURNE;Veurne
8600;OUDEKAPELLE;DIKSMUIDE;Diksmuide
8600;SINT-JACOBS-KAPELLE;DIKSMUIDE;Diksmuide
8700;TIELT (TIELT);TIELT;Tielt
8740;EGEM;PITTEM;Pittem
8630;HOUTEM;VEURNE;Veurne
8700;KANEGEM;TIELT;Tielt
8740;PITTEM;PITTEM;Pittem
8610;ZARREN;KORTEMARK;Kortemark
8851;KOOLSKAMP;ARDOOIE;Ardooie
8647;LO;LO-RENINGE;Lo-reninge
8600;NIEUWKAPELLE;DIKSMUIDE;Diksmuide
8830;GITS;HOOGLEDE;Hooglede
8600;WOUMEN;DIKSMUIDE;Diksmuide
8700;AARSELE;TIELT;Tielt
8691;LEISELE;ALVERINGEM;Alveringem
8691;IZENBERGE;ALVERINGEM;Alveringem
8650;KLERKEN;HOUTHULST;Houthulst
8830;HOOGLEDE;HOOGLEDE;Hooglede
8650;RONEHOEK - NIEUWE STEDE;HOUTHULST;Houthulst
8650;HOUTHULST;HOUTHULST;Houthulst
8840;STADEN;STADEN;Staden
8647;POLLINKHOVE;LO-RENINGE;Lo-reninge
8690;HOOGSTADE;ALVERINGEM;Alveringem
8850;ARDOOIE;ARDOOIE;Ardooie
8650;MERKEM;HOUTHULST;Houthulst
8800;ROESELARE;ROESELARE;Roeselare
8691;GIJVERINKHOVE;ALVERINGEM;Alveringem
8647;RENINGE;LO-RENINGE;Lo-reninge
8720;DENTERGEM;DENTERGEM;Dentergem
8760;MEULEBEKE;MEULEBEKE;Meulebeke
8647;NOORDSCHOTE;LO-RENINGE;Lo-reninge
8691;BEVEREN (ALVERINGEM);ALVERINGEM;Alveringem
8840;OOSTNIEUWKERKE;STADEN;Staden
8780;OOSTROZEBEKE;OOSTROZEBEKE;Oostrozebeke
8640;OOSTVLETEREN;VLETEREN;Vleteren
8920;POELKAPELLE;LANGEMARK-POELKAPELLE;Langemark-poelkapelle
8720;MARKEGEM;DENTERGEM;Dentergem
8691;STAVELE;ALVERINGEM;Alveringem
8920;LANGEMARK;LANGEMARK-POELKAPELLE;Langemark-poelkapelle
8870;KACHTEM;IZEGEM;Izegem
8840;WESTROZEBEKE;STADEN;Staden
8720;OESELGEM;DENTERGEM;Dentergem
8720;WAKKEN;DENTERGEM;Dentergem
8870;IZEGEM;IZEGEM;Izegem
8920;BIKSCHOTE;LANGEMARK-POELKAPELLE;Langemark-poelkapelle
8770;INGELMUNSTER;INGELMUNSTER;Ingelmunster
8710;SINT-BAAFS-VIJVE;WIELSBEKE;Wielsbeke
8640;WESTVLETEREN;VLETEREN;Vleteren
8972;ROESBRUGGE-HARINGE;POPERINGE;Poperinge
8800;RUMBEKE;ROESELARE;Roeselare
8904;ZUIDSCHOTE;IEPER;Ieper
8972;KROMBEKE;POPERINGE;Poperinge
8980;PASSENDALE;ZONNEBEKE;Zonnebeke
8890;MOORSLEDE;MOORSLEDE;Moorslede
8710;WIELSBEKE;WIELSBEKE;Wielsbeke
8904;BOEZINGE;IEPER;Ieper
8640;WOESTEN;VLETEREN;Vleteren
8800;OEKENE;ROESELARE;Roeselare
8972;PROVEN;POPERINGE;Poperinge
8793;SINT-ELOOIS-VIJVE;WAREGEM;Waregem
8906;ELVERDINGE;IEPER;Ieper
8710;OOIGEM;WIELSBEKE;Wielsbeke
8531;HULSTE;HARELBEKE;Harelbeke
8790;WAREGEM;WAREGEM;Waregem
8792;DESSELGEM;WAREGEM;Waregem
8860;LENDELEDE;LENDELEDE;Lendelede
8531;BAVIKHOVE;HARELBEKE;Harelbeke
8970;POPERINGE;POPERINGE;Poperinge
8880;SINT-ELOOIS-WINKEL;LEDEGEM;Ledegem
8880;LEDEGEM;LEDEGEM;Ledegem
8900;SINT-JAN;IEPER;Ieper
8980;ZONNEBEKE;ZONNEBEKE;Zonnebeke
8880;ROLLEGEM KAPELLE;LEDEGEM;Ledegem
8900;IEPER;IEPER;Ieper
8791;BEVEREN-LEIE;WAREGEM;Waregem
8900;BRIELEN;IEPER;Ieper
8978;WATOU;POPERINGE;Poperinge
8520;KUURNE;KUURNE;Kuurne
8908;VLAMERTINGE;IEPER;Ieper
8501;HEULE;KORTRIJK;Kortrijk
8980;BESELARE;ZONNEBEKE;Zonnebeke
8530;HARELBEKE;HARELBEKE;Harelbeke
8560;MOORSELE;WEVELGEM;Wevelgem
8540;DEERLIJK;DEERLIJK;Deerlijk
8560;GULLEGEM;WEVELGEM;Wevelgem
8570;ANZEGEM;ANZEGEM;Anzegem
8970;RENINGELST;POPERINGE;Poperinge
8890;DADIZELE;MOORSLEDE;Moorslede
8902;ZILLEBEKE;IEPER;Ieper
8940;GELUWE;WERVIK;Wervik
8570;INGOOIGEM;ANZEGEM;Anzegem
8980;GELUVELD;ZONNEBEKE;Zonnebeke
8500;KORTRIJK;KORTRIJK;Kortrijk
8570;VICHTE;ANZEGEM;Anzegem
8900;DIKKEBUS;IEPER;Ieper
8902;VOORMEZELE;IEPER;Ieper
8570;GIJZELBRECHTEGEM;ANZEGEM;Anzegem
8501;BISSEGEM;KORTRIJK;Kortrijk
8930;MENEN;MENEN;Menen
8954;WESTOUTER;HEUVELLAND;Heuvelland
8980;ZANDVOORDE;ZONNEBEKE;Zonnebeke
8940;WERVIK;WERVIK;Wervik
8573;TIEGEM;ANZEGEM;Anzegem
8560;WEVELGEM;WEVELGEM;Wevelgem
8550;ZWEVEGEM;ZWEVEGEM;Zwevegem
8553;OTEGEM;ZWEVEGEM;Zwevegem
8902;HOLLEBEKE;IEPER;Ieper
8510;MARKE;KORTRIJK;Kortrijk
8958;DE KLIJTE - DORP;HEUVELLAND;Heuvelland
8572;KASTER;ANZEGEM;Anzegem
8956;KEMMEL;HEUVELLAND;Heuvelland
8551;HEESTERT;ZWEVEGEM;Zwevegem
8953;WIJTSCHATE;HEUVELLAND;Heuvelland
8581;KERKHOVE;AVELGEM;Avelgem
8930;LAUWE;MENEN;Menen
8958;LOKER;HEUVELLAND;Heuvelland
8581;WAARMAARDE;AVELGEM;Avelgem
8552;MOEN;ZWEVEGEM;Zwevegem
8510;BELLEGEM;KORTRIJK;Kortrijk
8511;AALBEKE;KORTRIJK;Kortrijk
8930;REKKEM;MENEN;Menen
8510;ROLLEGEM;KORTRIJK;Kortrijk
8580;AVELGEM;AVELGEM;Avelgem
8554;SINT-DENIJS;ZWEVEGEM;Zwevegem
8951;DRANOUTER;HEUVELLAND;Heuvelland
8952;WULVERGEM;HEUVELLAND;Heuvelland
8582;OUTRIJVE;AVELGEM;Avelgem
8950;NIEUWKERKE;HEUVELLAND;Heuvelland
8957;MESEN;MESEN;Mesen
8510;KOOIGEM;KORTRIJK;Kortrijk
8583;BOSSUIT;AVELGEM;Avelgem
8587;HELKIJN;SPIERE-HELKIJN;Spiere-helkijn
8587;SPIERE;SPIERE-HELKIJN;Spiere-helkijn
9130;DOEL;BEVEREN;Beveren
9130;KIELDRECHT;BEVEREN;Beveren
9988;WATERLAND-OUDEMAN;SINT-LAUREINS;Sint-laureins
9988;WATERVLIET;SINT-LAUREINS;Sint-laureins
9120;KALLO;BEVEREN;Beveren
9981;SINT-MARGRIETE;SINT-LAUREINS;Sint-laureins
9170;MEERDONK;SINT-GILLIS-WAAS;Sint-gillis-waas
9982;SINT-JAN-IN-EREMO;SINT-LAUREINS;Sint-laureins
9961;BOEKHOUTE;ASSENEDE;Assenede
9992;MIDDELBURG;MALDEGEM;Maldegem
9130;VERREBROEK;BEVEREN;Beveren
9170;DE KLINGE;SINT-GILLIS-WAAS;Sint-gillis-waas
9960;ASSENEDE;ASSENEDE;Assenede
9170;SINT-GILLIS-WAAS;SINT-GILLIS-WAAS;Sint-gillis-waas
9968;BASSEVELDE;ASSENEDE;Assenede
9120;MELSELE;BEVEREN;Beveren
9970;KAPRIJKE;KAPRIJKE;Kaprijke
9980;SINT-LAUREINS;SINT-LAUREINS;Sint-laureins
9190;KEMZEKE;STEKENE;Stekene
9990;MALDEGEM;MALDEGEM;Maldegem
9190;STEKENE;STEKENE;Stekene
9170;PEISELS EN VERRE;SINT-GILLIS-WAAS;Sint-gillis-waas
9120;VRASENE;BEVEREN;Beveren
9120;BEVEREN (BEVEREN);BEVEREN;Beveren
9991;ADEGEM;MALDEGEM;Maldegem
9500;MOERBEKE (MOERBEKE);MOERBEKE;Moerbeke
9185;WACHTEBEKE;WACHTEBEKE;Wachtebeke
9971;LEMBEKE;KAPRIJKE;Kaprijke
9900;EEKLO;EEKLO;Eeklo
9060;ZELZATE;ZELZATE;Zelzate
9190;KLEIN SINAAI - KERN;STEKENE;Stekene
9968;OOSTEEKLO;ASSENEDE;Assenede
9170;SINT-PAUWELS;SINT-GILLIS-WAAS;Sint-gillis-waas
9100;NIEUWENKERKEN-WAAS;SINT-NIKLAAS;Sint-niklaas
9940;ERTVELDE;EVERGEM;Evergem
9120;HAASDONK;BEVEREN;Beveren
9150;KRUIBEKE;KRUIBEKE;Kruibeke
9112;SINAAI;SINT-NIKLAAS;Sint-niklaas
9100;SINT-NIKLAAS;SINT-NIKLAAS;Sint-niklaas
9032;WONDELGEM;GENT;Gent
9041;OOSTAKKER;GENT;Gent
9111;BELSELE;SINT-NIKLAAS;Sint-niklaas
9950;WAARSCHOOT;WAARSCHOOT;Waarschoot
9140;TEMSE;TEMSE;Temse
9931;OOSTWINKEL;ZOMERGEM;Zomergem
9940;SLEIDINGE;EVERGEM;Evergem
9150;BAZEL;KRUIBEKE;Kruibeke
9160;EKSAARDE;LOKEREN;Lokeren
9910;KNESSELARE;KNESSELARE;Knesselare
9910;URSEL;KNESSELARE;Knesselare
9940;EVERGEM;EVERGEM;Evergem
9930;ZOMERGEM;ZOMERGEM;Zomergem
9080;ZAFFELARE;LOCHRISTI;Lochristi
9160;LOKEREN;LOKEREN;Lokeren
9250;WAASMUNSTER;WAASMUNSTER;Waasmunster
9140;STEENDORP;TEMSE;Temse
9932;RONSELE;ZOMERGEM;Zomergem
9140;TIELRODE;TEMSE;Temse
9160;DAKNAM;LOKEREN;Lokeren
9920;LOVENDEGEM;LOVENDEGEM;Lovendegem
9140;ELVERSELE;TEMSE;Temse
9150;RUPELMONDE;KRUIBEKE;Kruibeke
9080;ZEVENEKEN;LOCHRISTI;Lochristi
9880;AALTER;AALTER;Aalter
9080;LOCHRISTI;LOCHRISTI;Lochristi
9881;BELLEM;AALTER;Aalter
9000;GENT MUIDE-SIFFERDOK;GENT;Gent
9220;HAMME (HAMME);HAMME;Hamme
9850;MERENDREE;NEVELE;Nevele
9240;ZELE;ZELE;Zele
9850;HANSBEKE;NEVELE;Nevele
9030;MARIAKERKE;GENT;Gent
9921;VINDERHOUTE;LOVENDEGEM;Lovendegem
9080;BEERVELDE;LOCHRISTI;Lochristi
9220;MOERZEKE;HAMME;Hamme
9040;SINT-AMANDSBERG;GENT;Gent
9031;DRONGEN;GENT;Gent
9070;DESTELBERGEN;DESTELBERGEN;Destelbergen
9270;KALKEN;LAARNE;Laarne
9880;LOTENHULLE;AALTER;Aalter
9290;OVERMERE;BERLARE;Berlare
9850;LANDEGEM;NEVELE;Nevele
9200;GREMBERGEN;DENDERMONDE;Dendermonde
9000;GENT CENTRUM;GENT;Gent
9850;NEVELE;NEVELE;Nevele
9270;LAARNE;LAARNE;Laarne
9070;HEUSDEN (DESTELBERGEN);DESTELBERGEN;Destelbergen
9200;BAASRODE;DENDERMONDE;Dendermonde
9290;BERLARE;BERLARE;Berlare
9050;GENTBRUGGE;GENT;Gent
9880;POEKE;AALTER;Aalter
9200;DENDERMONDE;DENDERMONDE;Dendermonde
9290;UITBERGEN;BERLARE;Berlare
9850;VOSSELARE;NEVELE;Nevele
9050;LEDEBERG;GENT;Gent
9850;POESELE;NEVELE;Nevele
9051;SINT-DENIJS-WESTREM - AFSNEE;GENT;Gent
9255;BUGGENHOUT;BUGGENHOUT;Buggenhout
9200;APPELS;DENDERMONDE;Dendermonde
9000;GENT ZUID;GENT;Gent
9200;SINT-GILLIS-BIJ-DENDERMONDE;DENDERMONDE;Dendermonde
9830;SINT-MARTENS-LATEM;SINT-MARTENS-LATEM;Sint-martens-latem
9260;SCHELLEBELLE;WICHELEN;Wichelen
9800;SINT-MARTENS-LEERNE;DEINZE;Deinze
9090;MELLE;MELLE;Melle
9800;MEIGEM;DEINZE;Deinze
9800;VINKT;DEINZE;Deinze
9820;MERELBEKE;MERELBEKE;Merelbeke
9230;WETTEREN;WETTEREN;Wetteren
9052;ZWIJNAARDE;GENT;Gent
9200;OUDEGEM;DENDERMONDE;Dendermonde
9260;WICHELEN;WICHELEN;Wichelen
9280;LEBBEKE;LEBBEKE;Lebbeke
9831;DEURLE;SINT-MARTENS-LATEM;Sint-martens-latem
9800;BACHTE-MARIA-LEERNE;DEINZE;Deinze
9280;DENDERBELLE;LEBBEKE;Lebbeke
9840;DE PINTE;DE PINTE;De pinte
9800;ZEVEREN;DEINZE;Deinze
9200;SCHOONAARDE;DENDERMONDE;Dendermonde
9260;SERSKAMP;WICHELEN;Wichelen
9200;MESPELARE;DENDERMONDE;Dendermonde
9800;DEINZE;DEINZE;Deinze
9800;ASTENE;DEINZE;Deinze
9800;WONTERGEM;DEINZE;Deinze
9840;ZEVERGEM;DE PINTE;De pinte
9308;GIJZEGEM;AALST;Aalst
9090;GONTRODE;MELLE;Melle
9800;GRAMMENE;DEINZE;Deinze
9230;MASSEMEN;WETTEREN;Wetteren
9280;WIEZE;LEBBEKE;Lebbeke
9310;HERDERSEM;AALST;Aalst
9810;NAZARETH;NAZARETH;Nazareth
9340;LEDE;LEDE;Lede
9870;MACHELEN (ZULTE);ZULTE;Zulte
9800;PETEGEM-LEIE;DEINZE;Deinze
9340;WANZELE;LEDE;Lede
9340;SMETLEDE;LEDE;Lede
9308;HOFSTADE (AALST);AALST;Aalst
9810;EKE;NAZARETH;Nazareth
9820;SCHELDERODE;MERELBEKE;Merelbeke
9340;OORDEGEM;LEDE;Lede
9860;LANDSKOUTER;OOSTERZELE;Oosterzele
9820;MELSEN;MERELBEKE;Merelbeke
9860;GIJZENZELE;OOSTERZELE;Oosterzele
9230;WESTREM;WETTEREN;Wetteren
9820;BOTTELARE;MERELBEKE;Merelbeke
9800;GOTTEM;DEINZE;Deinze
9310;MOORSEL;AALST;Aalst
9860;MOORTSELE;OOSTERZELE;Oosterzele
9860;OOSTERZELE;OOSTERZELE;Oosterzele
9310;BAARDEGEM;AALST;Aalst
9340;IMPE;LEDE;Lede
9300;AALST (AALST);AALST;Aalst
9870;OLSENE;ZULTE;Zulte
9820;MUNTE;MERELBEKE;Merelbeke
9890;SEMMERZAKE;GAVERE;Gavere
9890;VURSTE;GAVERE;Gavere
9860;SCHELDEWINDEKE;OOSTERZELE;Oosterzele
9420;ERPE;ERPE-MERE;Erpe-mere
9520;BAVEGEM;SINT-LIEVENS-HOUTEM;Sint-lievens-houtem
9770;KRUISHOUTEM;KRUISHOUTEM;Kruishoutem
9420;ERONDEGEM;ERPE-MERE;Erpe-mere
9520;VLIERZELE;SINT-LIEVENS-HOUTEM;Sint-lievens-houtem
9310;MELDERT (AALST);AALST;Aalst
9521;LETTERHOUTEM;SINT-LIEVENS-HOUTEM;Sint-lievens-houtem
9890;BAAIGEM;GAVERE;Gavere
9420;OTTERGEM;ERPE-MERE;Erpe-mere
9750;OUWEGEM;ZINGEM;Zingem
9890;GAVERE;GAVERE;Gavere
9520;ZONNEGEM;SINT-LIEVENS-HOUTEM;Sint-lievens-houtem
9890;ASPER;GAVERE;Gavere
9770;LOZER - KERN;KRUISHOUTEM;Kruishoutem
9420;VLEKKEM;ERPE-MERE;Erpe-mere
9320;NIEUWERKERKEN (AALST);AALST;Aalst
9520;SINT-LIEVENS-HOUTEM;SINT-LIEVENS-HOUTEM;Sint-lievens-houtem
9870;ZULTE;ZULTE;Zulte
9860;BALEGEM;OOSTERZELE;Oosterzele
9320;EREMBODEGEM;AALST;Aalst
9890;DIKKELVENNE;GAVERE;Gavere
9420;MERE;ERPE-MERE;Erpe-mere
9420;BAMBRUGGE;ERPE-MERE;Erpe-mere
9750;HUISE;ZINGEM;Zingem
9420;BURST;ERPE-MERE;Erpe-mere
9620;VELZEKE-RUDDERSHOVE;ZOTTEGEM;Zottegem
9552;BORSBEKE;HERZELE;Herzele
9450;HAALTERT;HAALTERT;Haaltert
9750;ZINGEM;ZINGEM;Zingem
9620;ELENE + OOMBERGEN;ZOTTEGEM;Zottegem
9420;AAIGEM;ERPE-MERE;Erpe-mere
9630;MEILEGEM;ZWALM;Zwalm
9630;BEERLEGEM;ZWALM;Zwalm
9473;WELLE;DENDERLEEUW;Denderleeuw
9636;NEDERZWALM-HERMELGEM;ZWALM;Zwalm
9630;DIKKELE;ZWALM;Zwalm
9551;RESSEGEM;HERZELE;Herzele
9550;HERZELE;HERZELE;Herzele
9550;HILLEGEM;HERZELE;Herzele
9700;MULLEM;OUDENAARDE;Oudenaarde
9772;WANNEGEM-LEDE;KRUISHOUTEM;Kruishoutem
9470;DENDERLEEUW;DENDERLEEUW;Denderleeuw
9700;HEURNE;OUDENAARDE;Oudenaarde
9630;PAULATEM;ZWALM;Zwalm
9630;HUNDELGEM;ZWALM;Zwalm
9771;NOKERE;KRUISHOUTEM;Kruishoutem
9630;MUNKZWALM;ZWALM;Zwalm
9630;SINT-MARIA-LATEM;ZWALM;Zwalm
9620;LEEUWERGEM;ZOTTEGEM;Zottegem
9450;DENDERHOUTEM;HAALTERT;Haaltert
9451;KERKSKEN;HAALTERT;Haaltert
9700;WELDEN;OUDENAARDE;Oudenaarde
9450;HELDERGEM;HAALTERT;Haaltert
9700;OUDENAARDE;OUDENAARDE;Oudenaarde
9790;MOREGEM + OOIKE;WORTEGEM-PETEGEM;Wortegem-petegem
9620;GROTENBERGE;ZOTTEGEM;Zottegem
9472;IDDERGEM;DENDERLEEUW;Denderleeuw
9630;SINT-DENIJS-BOEKEL;ZWALM;Zwalm
9790;WORTEGEM;WORTEGEM-PETEGEM;Wortegem-petegem
9550;WOUBRECHTEGEM;HERZELE;Herzele
9620;STRIJPEN;ZOTTEGEM;Zottegem
9630;ROBORST;ZWALM;Zwalm
9700;MATER;OUDENAARDE;Oudenaarde
9620;ZOTTEGEM;ZOTTEGEM;Zottegem
9550;SINT-LIEVENS-ESSE;HERZELE;Herzele
9400;OKEGEM;NINOVE;Ninove
9400;NINOVE;NINOVE;Ninove
9406;OUTER;NINOVE;Ninove
9400;NEDERHASSELT;NINOVE;Ninove
9620;GODVEERDEGEM;ZOTTEGEM;Zottegem
9630;SINT-BLASIUS-BOEKEL;ZWALM;Zwalm
9550;SINT-ANTELINKS;HERZELE;Herzele
9620;SINT-GORIKS-OUDENHOVE;ZOTTEGEM;Zottegem
9667;SINT-MARIA-HOREBEKE;HOREBEKE;Horebeke
9620;ERWETEGEM;ZOTTEGEM;Zottegem
9630;ROZEBEKE;ZWALM;Zwalm
9404;ASPELARE;NINOVE;Ninove
9790;PETEGEM-AAN-DE-SCHELDE;WORTEGEM-PETEGEM;Wortegem-petegem
9550;STEENHUIZE-WIJNHUIZE;HERZELE;Herzele
9660;MICHELBEKE;BRAKEL;Brakel
9660;ELST;BRAKEL;Brakel
9667;SINT-KORNELIS-HOREBEKE;HOREBEKE;Horebeke
9620;SINT-MARIA-OUDENHOVE;ZOTTEGEM;Zottegem
9400;VOORDE;NINOVE;Ninove
9400;APPELTERRE-EICHEM;NINOVE;Ninove
9570;SINT-MARIA-LIERDE;LIERDE;Lierde
9790;ELSEGEM;WORTEGEM-PETEGEM;Wortegem-petegem
9660;ZEGELSEM;BRAKEL;Brakel
9402;MEERBEKE;NINOVE;Ninove
9500;OPHASSELT;GERAARDSBERGEN;Geraardsbergen
9700;MELDEN;OUDENAARDE;Oudenaarde
9680;MAARKE-KERKEM;MAARKEDAL;Maarkedal
9401;POLLARE;NINOVE;Ninove
9506;SMEEREBBE-VLOERZEGEM;GERAARDSBERGEN;Geraardsbergen
9680;ETIKHOVE;MAARKEDAL;Maarkedal
9660;NEDERBRAKEL;BRAKEL;Brakel
9506;ZANDBERGEN;GERAARDSBERGEN;Geraardsbergen
9571;HEMELVEERDEGEM;LIERDE;Lierde
9572;SINT-MARTENS-LIERDE;LIERDE;Lierde
9688;SCHORISSE;MAARKEDAL;Maarkedal
9400;DENDERWINDEKE;NINOVE;Ninove
9690;BERCHEM (KLUISBERGEN);KLUISBERGEN;Kluisbergen
9506;IDEGEM;GERAARDSBERGEN;Geraardsbergen
9506;SCHENDELBEKE;GERAARDSBERGEN;Geraardsbergen
9403;NEIGEM;NINOVE;Ninove
9681;NUKERKE;MAARKEDAL;Maarkedal
9570;DEFTINGE;LIERDE;Lierde
9690;ZULZEKE;KLUISBERGEN;Kluisbergen
9400;LIEFERINGE;NINOVE;Ninove
9690;KWAREMONT;KLUISBERGEN;Kluisbergen
9506;GRIMMINGE;GERAARDSBERGEN;Geraardsbergen
9661;PARIKE;BRAKEL;Brakel
9660;OPBRAKEL;BRAKEL;Brakel
9500;ONKERZELE;GERAARDSBERGEN;Geraardsbergen
9690;RUIEN;KLUISBERGEN;Kluisbergen
9506;NIEUWENHOVE;GERAARDSBERGEN;Geraardsbergen
9660;EVERBEEK;BRAKEL;Brakel
9500;NEDERBOELARE;GERAARDSBERGEN;Geraardsbergen
9500;ZARLARDINGE;GERAARDSBERGEN;Geraardsbergen
9600;RONSE;RONSE;Ronse
9506;WAARBEKE;GERAARDSBERGEN;Geraardsbergen
9500;GOEFERDINGE;GERAARDSBERGEN;Geraardsbergen
9500;GERAARDSBERGEN;GERAARDSBERGEN;Geraardsbergen
9500;MOERBEKE (GERAARDSBERGEN);GERAARDSBERGEN;Geraardsbergen
9500;OVERBOELARE;GERAARDSBERGEN;Geraardsbergen
9500;VIANE;GERAARDSBERGEN;Geraardsbergen
3930;ACHEL;HAMONT-ACHEL;Hamont-achel
3930;HAMONT;HAMONT-ACHEL;Hamont-achel
3910;NEERPELT;NEERPELT;Neerpelt
3920;LOMMEL;LOMMEL;Lommel
3900;OVERPELT;OVERPELT;Overpelt
3910;SINT-HUIBRECHTS-LILLE;NEERPELT;Neerpelt
3950;BOCHOLT;BOCHOLT;Bocholt
3950;KAULILLE;BOCHOLT;Bocholt
3640;MOLENBEERSEL;KINROOI;Kinrooi
3990;KLEINE BROGEL;PEER;Peer
3960;BREE;BREE;Bree
3941;EKSEL;HECHTEL-EKSEL;Hechtel-eksel
3990;GROTE BROGEL;PEER;Peer
3640;KESSENICH;KINROOI;Kinrooi
3950;REPPEL;BOCHOLT;Bocholt
3640;KINROOI;KINROOI;Kinrooi
3990;PEER;PEER;Peer
3990;WIJCHMAAL;PEER;Peer
3640;OPHOVEN;KINROOI;Kinrooi
3960;TONGERLO (BREE);BREE;Bree
3670;ELLIKOM;MEEUWEN-GRUITRODE;Meeuwen-gruitrode
3970;LEOPOLDSBURG;LEOPOLDSBURG;Leopoldsburg
3940;HECHTEL;HECHTEL-EKSEL;Hechtel-eksel
3945;OOSTHAM;HAM;Ham
3960;OPITTER;BREE;Bree
3680;NEEROETEREN;MAASEIK;Maaseik
3680;MAASEIK;MAASEIK;Maaseik
3971;HEPPEN;LEOPOLDSBURG;Leopoldsburg
3670;WIJSHAGEN;MEEUWEN-GRUITRODE;Meeuwen-gruitrode
3670;MEEUWEN;MEEUWEN-GRUITRODE;Meeuwen-gruitrode
3945;KWAADMECHELEN;HAM;Ham
3670;GRUITRODE;MEEUWEN-GRUITRODE;Meeuwen-gruitrode
3670;NEERGLABBEEK;MEEUWEN-GRUITRODE;Meeuwen-gruitrode
3581;BEVERLO;BERINGEN;Beringen
3530;HELCHTEREN;HOUTHALEN-HELCHTEREN;Houthalen-helchteren
3582;KOERSEL;BERINGEN;Beringen
3680;OPOETEREN;MAASEIK;Maaseik
3650;ELEN;DILSEN-STOKKEM;Dilsen-stokkem
3980;TESSENDERLO;TESSENDERLO;Tessenderlo
3583;PAAL;BERINGEN;Beringen
3530;HOUTHALEN;HOUTHALEN-HELCHTEREN;Houthalen-helchteren
3650;ROTEM;DILSEN-STOKKEM;Dilsen-stokkem
3550;HEUSDEN (HEUSDEN-ZOLDER);HEUSDEN-ZOLDER;Heusden-zolder
3550;ZOLDER;HEUSDEN-ZOLDER;Heusden-zolder
3580;BERINGEN;BERINGEN;Beringen
3660;OPGLABBEEK;OPGLABBEEK;Opglabbeek
3650;DILSEN;DILSEN-STOKKEM;Dilsen-stokkem
3650;STOKKEM;DILSEN-STOKKEM;Dilsen-stokkem
3560;LUMMEN;LUMMEN;Lummen
3668;NIEL-BIJ-AS;AS;As
3650;LANKLAAR;DILSEN-STOKKEM;Dilsen-stokkem
3665;AS;AS;As
3560;MELDERT (LUMMEN);LUMMEN;Lummen
3600;WATERSCHEI - ZWARTBERG;GENK;Genk
3630;MEESWIJK;MAASMECHELEN;Maasmechelen
3520;ZONHOVEN;ZONHOVEN;Zonhoven
3630;MECHELEN-AAN-DE-MAAS;MAASMECHELEN;Maasmechelen
3630;LEUT;MAASMECHELEN;Maasmechelen
3630;EISDEN;MAASMECHELEN;Maasmechelen
3520;DE DRY DREVEN;ZONHOVEN;Zonhoven
3600;GENK;GENK;Genk
3545;ZELEM;HALEN;Halen
3630;VUCHT;MAASMECHELEN;Maasmechelen
3560;LINKHOUT;LUMMEN;Lummen
3511;STOKROOIE;HASSELT;Hasselt
3630;OPGRIMBIE;MAASMECHELEN;Maasmechelen
3690;ZUTENDAAL;ZUTENDAAL;Zutendaal
3511;KURINGEN;HASSELT;Hasselt
3500;HASSELT;HASSELT;Hasselt
3510;KERMT;HASSELT;Hasselt
3540;SCHULEN;HERK-DE-STAD;Herk-de-stad
3540;BERBROEK;HERK-DE-STAD;Herk-de-stad
3545;HALEN;HALEN;Halen
3510;SPALBEEK;HASSELT;Hasselt
3631;BOORSEM;MAASMECHELEN;Maasmechelen
3540;DONK;HERK-DE-STAD;Herk-de-stad
3590;DIEPENBEEK;DIEPENBEEK;Diepenbeek
3540;HERK-DE-STAD;HERK-DE-STAD;Herk-de-stad
3621;REKEM;LANAKEN;Lanaken
3631;UIKHOVEN;MAASMECHELEN;Maasmechelen
3512;STEVOORT;HASSELT;Hasselt
3620;LANAKEN;LANAKEN;Lanaken
3620;NEERHAREN;LANAKEN;Lanaken
3740;BEVERST;BILZEN;Bilzen
3500;SINT-LAMBRECHTS-HERK;HASSELT;Hasselt
3740;BILZEN;BILZEN;Bilzen
3740;MUNSTERBILZEN;BILZEN;Bilzen
3740;EIGENBILZEN;BILZEN;Bilzen
3570;ALKEN;ALKEN;Alken
3850;WIJER;NIEUWERKERKEN;Nieuwerkerken
3746;HOELBEEK;BILZEN;Bilzen
3620;GELLIK;LANAKEN;Lanaken
3850;KOZEN;NIEUWERKERKEN;Nieuwerkerken
3850;NIEUWERKERKEN (NIEUWERKERKEN);NIEUWERKERKEN;Nieuwerkerken
3740;WALTWILDER;BILZEN;Bilzen
3730;HOESELT;HOESELT;Hoeselt
3501;WIMMERTINGEN;HASSELT;Hasselt
3720;KORTESSEM;KORTESSEM;Kortessem
3721;VLIERMAALROOT;KORTESSEM;Kortessem
3730;ROMERSHOVEN;HOESELT;Hoeselt
3850;BINDERVELD;NIEUWERKERKEN;Nieuwerkerken
3620;VELDWEZELT;LANAKEN;Lanaken
3800;SINT-TRUIDEN;SINT-TRUIDEN;Sint-truiden
3740;MOPERTINGEN;BILZEN;Bilzen
3722;WINTERSHOVEN;KORTESSEM;Kortessem
3830;WELLEN;WELLEN;Wellen
3800;ZEPPEREN;SINT-TRUIDEN;Sint-truiden
3742;MARTENSLINDE;BILZEN;Bilzen
3740;HEES;BILZEN;Bilzen
3740;ROSMEER;BILZEN;Bilzen
3740;RIJKHOVEN;BILZEN;Bilzen
3803;RUNKELEN;SINT-TRUIDEN;Sint-truiden
3724;VLIERMAAL;KORTESSEM;Kortessem
3832;ULBEEK;WELLEN;Wellen
3723;GUIGOVEN;KORTESSEM;Kortessem
3740;KLEINE-SPOUWEN;BILZEN;Bilzen
3732;SCHALKHOVEN;HOESELT;Hoeselt
3740;GROTE-SPOUWEN;BILZEN;Bilzen
3803;GORSEM;SINT-TRUIDEN;Sint-truiden
3840;GORS-OPLEEUW;BORGLOON;Borgloon
3770;VLIJTINGEN;RIEMST;Riemst
3840;KERNIEL;BORGLOON;Borgloon
3803;DURAS;SINT-TRUIDEN;Sint-truiden
3730;SINT-HUIBRECHTS-HERN;HOESELT;Hoeselt
3770;VROENHOVEN;RIEMST;Riemst
3730;WERM;HOESELT;Hoeselt
3831;HERTEN;WELLEN;Wellen
3830;BERLINGEN;WELLEN;Wellen
3840;HOEPERTINGEN;BORGLOON;Borgloon
3770;HERDEREN;RIEMST;Riemst
3770;MEMBRUGGEN;RIEMST;Riemst
3803;WILDEREN;SINT-TRUIDEN;Sint-truiden
3840;KUTTEKOVEN;BORGLOON;Borgloon
3770;RIEMST;RIEMST;Riemst
3700;'S HERENELDEREN;TONGEREN;Tongeren
3770;KANNE;RIEMST;Riemst
3840;BORGLOON;BORGLOON;Borgloon
3700;NEERREPEN;TONGEREN;Tongeren
3700;OVERREPEN;TONGEREN;Tongeren
3840;JESSEREN;BORGLOON;Borgloon
3800;ORDINGEN;SINT-TRUIDEN;Sint-truiden
3700;HENIS;TONGEREN;Tongeren
3840;RIJKEL;BORGLOON;Borgloon
3700;RIKSINGEN;TONGEREN;Tongeren
3800;BRUSTEM;SINT-TRUIDEN;Sint-truiden
3770;GENOELSELDEREN;RIEMST;Riemst
3770;ZICHEN-ZUSSEN-BOLDER;RIEMST;Riemst
3700;BERG (TONGEREN);TONGEREN;Tongeren
3840;GOTEM;BORGLOON;Borgloon
3800;HALMAAL;SINT-TRUIDEN;Sint-truiden
3770;VALMEER;RIEMST;Riemst
3700;TONGEREN;TONGEREN;Tongeren
3770;MILLEN;RIEMST;Riemst
3840;HENDRIEKEN;BORGLOON;Borgloon
3840;BOMMERSHOVEN;BORGLOON;Borgloon
3840;VOORT;BORGLOON;Borgloon
3700;PIRINGEN;TONGEREN;Tongeren
3840;GROOT-LOON;BORGLOON;Borgloon
3806;VELM;SINT-TRUIDEN;Sint-truiden
3700;MAL;TONGEREN;Tongeren
3800;GROOT-GELMEN;SINT-TRUIDEN;Sint-truiden
3870;METTEKOVEN;HEERS;Heers
3840;BROEKOM;BORGLOON;Borgloon
3798;'S GRAVENVOEREN;VOEREN;Voeren
3870;GUTSCHOVEN;HEERS;Heers
3870;HEKS;HEERS;Heers
3800;AALST (SINT-TRUIDEN);SINT-TRUIDEN;Sint-truiden
3870;VEULEN;HEERS;Heers
3700;WIDOOIE;TONGEREN;Tongeren
3800;KERKOM-BIJ-SINT-TRUIDEN;SINT-TRUIDEN;Sint-truiden
3800;GELINDEN;SINT-TRUIDEN;Sint-truiden
3700;NEREM;TONGEREN;Tongeren
3870;KLEIN-GELMEN;HEERS;Heers
3700;KONINKSEM;TONGEREN;Tongeren
3700;SLUIZEN;TONGEREN;Tongeren
3793;TEUVEN;VOEREN;Voeren
3800;ENGELMANSHOVEN;SINT-TRUIDEN;Sint-truiden
3700;VREREN;TONGEREN;Tongeren
3870;VECHMAAL;HEERS;Heers
3790;SINT-MARTENS-VOEREN;VOEREN;Voeren
3891;MIELEN-BOVEN-AALST;GINGELOM;Gingelom
3870;HORPMAAL;HEERS;Heers
3790;MOELINGEN;VOEREN;Voeren
3891;MUIZEN (GINGELOM);GINGELOM;Gingelom
3700;RUTTEN;TONGEREN;Tongeren
3890;GINGELOM;GINGELOM;Gingelom
3870;HEERS;HEERS;Heers
3700;LAUW;TONGEREN;Tongeren
3891;BUVINGEN;GINGELOM;Gingelom
3890;BOEKHOUT;GINGELOM;Gingelom
3791;REMERSDAAL;VOEREN;Voeren
3870;MECHELEN-BOVELINGEN;HEERS;Heers
3792;SINT-PIETERS-VOEREN;VOEREN;Voeren
3890;NIEL-BIJ-SINT-TRUIDEN;GINGELOM;Gingelom
3890;JEUK;GINGELOM;Gingelom
3870;BATSHEERS;HEERS;Heers
3891;BORLO;GINGELOM;Gingelom
3870;OPHEERS;HEERS;Heers
3870;RUKKELINGEN-LOON;HEERS;Heers
3717;HERSTAPPE;HERSTAPPE;Herstappe
3890;MONTENAKEN;GINGELOM;Gingelom
3890;VORSEN;GINGELOM;Gingelom
3890;KORTIJS;GINGELOM;Gingelom
3290;DEURNE (DIEST);DIEST;Diest
3271;AVERBODE;SCHERPENHEUVEL-ZICHEM;Scherpenheuvel-zichem
3290;SCHAFFEN;DIEST;Diest
1840;MALDEREN;LONDERZEEL;Londerzeel
1840;LONDERZEEL;LONDERZEEL;Londerzeel
3271;ZICHEM;SCHERPENHEUVEL-ZICHEM;Scherpenheuvel-zichem
3130;BEGIJNENDIJK;BEGIJNENDIJK;Begijnendijk
3201;LANGDORP;AARSCHOT;Aarschot
3272;TESTELT;SCHERPENHEUVEL-ZICHEM;Scherpenheuvel-zichem
1880;KAPELLE-OP-DEN-BOS;KAPELLE-OP-DEN-BOS;Kapelle-op-den-bos
1880;RAMSDONK;KAPELLE-OP-DEN-BOS;Kapelle-op-den-bos
3128;BAAL;TREMELO;Tremelo
3294;MOLENSTEDE;DIEST;Diest
3140;KEERBERGEN;KEERBERGEN;Keerbergen
3120;TREMELO;TREMELO;Tremelo
3130;BETEKOM;BEGIJNENDIJK;Begijnendijk
3200;AARSCHOT;AARSCHOT;Aarschot
1840;STEENHUFFEL;LONDERZEEL;Londerzeel
1981;HOFSTADE (ZEMST);ZEMST;Zemst
1880;NIEUWENRODE;KAPELLE-OP-DEN-BOS;Kapelle-op-den-bos
3272;MESSELBROEK;SCHERPENHEUVEL-ZICHEM;Scherpenheuvel-zichem
1980;ZEMST;ZEMST;Zemst
1861;WOLVERTEM;MEISE;Meise
3191;HEVER;BOORTMEERBEEK;Boortmeerbeek
3190;BOORTMEERBEEK;BOORTMEERBEEK;Boortmeerbeek
1785;MERCHTEM;MERCHTEM;Merchtem
3290;DIEST;DIEST;Diest
3202;RILLAAR;AARSCHOT;Aarschot
3150;HAACHT;HAACHT;Haacht
3293;KAGGEVINNE;DIEST;Diest
1851;HUMBEEK;GRIMBERGEN;Grimbergen
1745;OPWIJK;OPWIJK;Opwijk
3290;WEBBEKOM;DIEST;Diest
1982;WEERDE;ZEMST;Zemst
1850;GRIMBERGEN;GRIMBERGEN;Grimbergen
3118;WERCHTER;ROTSELAAR;Rotselaar
3270;SCHERPENHEUVEL;SCHERPENHEUVEL-ZICHEM;Scherpenheuvel-zichem
3270;DIESTERSTEENWEG;SCHERPENHEUVEL-ZICHEM;Scherpenheuvel-zichem
1982;ELEWIJT;ZEMST;Zemst
3200;GELRODE;AARSCHOT;Aarschot
3110;ROTSELAAR;ROTSELAAR;Rotselaar
1860;MEISE;MEISE;Meise
1980;EPPEGEM;ZEMST;Zemst
3460;ASSENT;BEKKEVOORT;Bekkevoort
1910;BERG (KAMPENHOUT);KAMPENHOUT;Kampenhout
3460;BEKKEVOORT;BEKKEVOORT;Bekkevoort
3150;WESPELAAR;HAACHT;Haacht
1910;KAMPENHOUT;KAMPENHOUT;Kampenhout
1852;BEIGEM;GRIMBERGEN;Grimbergen
3150;TILDONK;HAACHT;Haacht
1785;BRUSSEGEM;MERCHTEM;Merchtem
3390;TIELT (TIELT-WINGE);TIELT-WINGE;Tielt-winge
3221;NIEUWRODE;HOLSBEEK;Holsbeek
3111;WEZEMAAL;ROTSELAAR;Rotselaar
1800;VILVOORDE;VILVOORDE;Vilvoorde
1820;PERK;STEENOKKERZEEL;Steenokkerzeel
3390;HOUWAART;TIELT-WINGE;Tielt-winge
1910;BUKEN;KAMPENHOUT;Kampenhout
1745;MAZENZELE;OPWIJK;Opwijk
3020;WINKSELE;HERENT;Herent
3020;VELTEM-BEISEM;HERENT;Herent
1730;MOLLEM;ASSE;Asse
3018;WIJGMAAL - KERN;LEUVEN;Leuven
1730;ASSE;ASSE;Asse
1800;PEUTIE;VILVOORDE;Vilvoorde
3220;KORTRIJK-DUTSEL;HOLSBEEK;Holsbeek
3390;SINT-JORIS-WINGE;TIELT-WINGE;Tielt-winge
3012;WILSELE;LEUVEN;Leuven
3220;SINT-PIETERS-RODE;HOLSBEEK;Holsbeek
3220;HOLSBEEK;HOLSBEEK;Holsbeek
3020;HERENT;HERENT;Herent
1910;NEDEROKKERZEEL;KAMPENHOUT;Kampenhout
3071;ERPS-KWERPS;KORTENBERG;Kortenberg
3470;KORTENAKEN;KORTENAKEN;Kortenaken
1790;HEKELGEM;AFFLIGEM;Affligem
3473;WAANRODE;KORTENAKEN;Kortenaken
1820;STEENOKKERZEEL;STEENOKKERZEEL;Steenokkerzeel
3461;MOLENBEEK - WERSBEEK;BEKKEVOORT;Bekkevoort
1820;MELSBROEK;STEENOKKERZEEL;Steenokkerzeel
1780;WEMMEL;WEMMEL;Wemmel
1830;MACHELEN (MACHELEN);MACHELEN;Machelen
3450;GEETBETS;GEETBETS;Geetbets
1785;HAMME (MERCHTEM);MERCHTEM;Merchtem
1853;STROMBEEK - BEVER;GRIMBERGEN;Grimbergen
1790;ESSENE;AFFLIGEM;Affligem
1730;KOBBEGEM;ASSE;Asse
3454;RUMMEN;GEETBETS;Geetbets
3472;KERSBEEK-MISKOM;KORTENAKEN;Kortenaken
1731;RELEGEM;ASSE;Asse
3210;LUBBEEK;LUBBEEK;Lubbeek
3391;MEENSEL;TIELT-WINGE;Tielt-winge
3210;LINDEN;LUBBEEK;Lubbeek
3010;KESSEL-LO;LEUVEN;Leuven
1831;DIEGEM;MACHELEN;Machelen
3381;KAPELLEN (GLABBEEK);GLABBEEK;Glabbeek
1930;NOSSEGEM;ZAVENTEM;Zaventem
1731;ZELLIK;ASSE;Asse
1930;ZAVENTEM;ZAVENTEM;Zaventem
1790;TERALFENE;AFFLIGEM;Affligem
3470;RANSBERG;KORTENAKEN;Kortenaken
1730;BEKKERZEEL;ASSE;Asse
3000;LEUVEN;LEUVEN;Leuven
3070;KORTENBERG;KORTENBERG;Kortenberg
3380;GLABBEEK-ZUURBEMDE;GLABBEEK;Glabbeek
3211;BINKOM;LUBBEEK;Lubbeek
3078;MEERBEEK;KORTENBERG;Kortenberg
3212;PELLENBERG;LUBBEEK;Lubbeek
3060;BERTEM;BERTEM;Bertem
3450;GRAZEN;GEETBETS;Geetbets
1700;SINT ULRIKS - KAPELLE;DILBEEK;Dilbeek
3471;HOELEDEN;KORTENAKEN;Kortenaken
1740;TERNAT;TERNAT;Ternat
1770;LIEDEKERKE;LIEDEKERKE;Liedekerke
3078;EVERBERG;KORTENBERG;Kortenberg
3440;BUDINGEN;ZOUTLEEUW;Zoutleeuw
1742;SINT-KATHERINA-LOMBEEK;TERNAT;Ternat
3384;ATTENRODE;GLABBEEK;Glabbeek
1702;GROOT - BIJGAARDEN;DILBEEK;Dilbeek
3001;HEVERLEE;LEUVEN;Leuven
1932;SINT-STEVENS-WOLUWE;ZAVENTEM;Zaventem
3370;KERKOM;BOUTERSEM;Boutersem
3360;KORBEEK-LO;BIERBEEK;Bierbeek
1700;SINT - MARTENS - BODEGEM;DILBEEK;Dilbeek
3001;IJZEREN BRUGJE;LEUVEN;Leuven
1933;STERREBEEK;ZAVENTEM;Zaventem
1741;WAMBEEK;TERNAT;Ternat
3380;BUNSBEEK;GLABBEEK;Glabbeek
3350;LINTER-NEERLINTER;LINTER;Linter
3360;LOVENJOEL;BIERBEEK;Bierbeek
3440;ZOUTLEEUW;ZOUTLEEUW;Zoutleeuw
1700;DILBEEK;DILBEEK;Dilbeek
3080;TERVUREN;TERVUREN;Tervuren
1950;KRAAINEM;KRAAINEM;Kraainem
3300;VISSENAKEN;TIENEN;Tienen
3061;LEEFDAAL;BERTEM;Bertem
3350;LINTER-DRIESLINTER;LINTER;Linter
1970;WEZEMBEEK-OPPEM;WEZEMBEEK-OPPEM;Wezembeek-oppem
3370;BOUTERSEM;BOUTERSEM;Boutersem
3360;BIERBEEK;BIERBEEK;Bierbeek
3370;ROOSBEEK;BOUTERSEM;Boutersem
3440;HELENBOS;ZOUTLEEUW;Zoutleeuw
1761;BORCHTLOMBEEK;ROOSDAAL;Roosdaal
1703;SCHEPDAAL;DILBEEK;Dilbeek
1760;ROOSDAAL;ROOSDAAL;Roosdaal
3080;VOSSEM;TERVUREN;Tervuren
3050;OUD-HEVERLEE;OUD-HEVERLEE;Oud-heverlee
3060;KORBEEK-DIJLE;BERTEM;Bertem
3300;SINT-MARGRIETE-HOUTEM;TIENEN;Tienen
3300;KUMTICH;TIENEN;Tienen
3440;HALLE-BOOIENHOVEN;ZOUTLEEUW;Zoutleeuw
3300;OPLINTER;TIENEN;Tienen
1701;ITTERBEEK;DILBEEK;Dilbeek
3052;BLANDEN;OUD-HEVERLEE;Oud-heverlee
3053;HAASRODE;OUD-HEVERLEE;Oud-heverlee
1750;ST-KWINTENS-LENNIK;LENNIK;Lennik
1750;SINT-MARTENS-LENNIK;LENNIK;Lennik
3350;ORSMAAL-MELKWEZER;LINTER;Linter
3040;NEERIJSE;HULDENBERG;Huldenberg
3054;VAALBEEK;OUD-HEVERLEE;Oud-heverlee
3350;ORSMAAL-WOMMERSOM;LINTER;Linter
3370;HONSEM (BOUTERSEM);BOUTERSEM;Boutersem
3300;TIENEN;TIENEN;Tienen
1602;VLEZEMBEEK;SINT-PIETERS-LEEUW;Sint-pieters-leeuw
3080;DUISBURG;TERVUREN;Tervuren
3440;DORMAAL;ZOUTLEEUW;Zoutleeuw
3350;ORSMAAL-GUSSENHOVEN;LINTER;Linter
3360;HONSEM (BIERBEEK);BIERBEEK;Bierbeek
3040;LOONBEEK;HULDENBERG;Huldenberg
3040;HULDENBERG;HULDENBERG;Huldenberg
3300;HAKENDOVER;TIENEN;Tienen
3051;SINT-JORIS-WEERT;OUD-HEVERLEE;Oud-heverlee
1755;GOOIK;GOOIK;Gooik
3320;HOEGAARDEN;HOEGAARDEN;Hoegaarden
1620;DROGENBOS;DROGENBOS;Drogenbos
1600;SINT-PIETERS-LEEUW;SINT-PIETERS-LEEUW;Sint-pieters-leeuw
1750;GAASBEEK;LENNIK;Lennik
3090;OVERIJSE;OVERIJSE;Overijse
3300;OORBEEK;TIENEN;Tienen
3320;HONSEM (HOEGAARDEN);HOEGAARDEN;Hoegaarden
3350;ORSMAAL-OVERHESPEN;LINTER;Linter
3350;ORSMAAL-NEERHESPEN;LINTER;Linter
3040;SINT-AGATHA-RODE;HULDENBERG;Huldenberg
3300;BOST;TIENEN;Tienen
1601;RUISBROEK (SINT-PIETERS-LEEUW);SINT-PIETERS-LEEUW;Sint-pieters-leeuw
3400;NEERWINDEN-ELIKSEM;LANDEN;Landen
3404;ATTENHOVEN-NEERLANDEN;LANDEN;Landen
3400;NEERWINDEN-WANGE;LANDEN;Landen
1600;SINT-LAUREINS-BERCHEM;SINT-PIETERS-LEEUW;Sint-pieters-leeuw
3300;GOETSENHOVEN;TIENEN;Tienen
1671;ELINGEN;PEPINGEN;Pepingen
3400;NEERWINDEN-EZEMAAL;LANDEN;Landen
1755;LEERBEEK;GOOIK;Gooik
1755;OETINGEN;GOOIK;Gooik
1600;OUDENAKEN;SINT-PIETERS-LEEUW;Sint-pieters-leeuw
3404;ATTENHOVEN;LANDEN;Landen
3400;NEERWINDEN;LANDEN;Landen
1560;HOEILAART;HOEILAART;Hoeilaart
1670;PEPINGEN;PEPINGEN;Pepingen
1570;VOLLEZELE;GALMAARDEN;Galmaarden
1650;BEERSEL;BEERSEL;Beersel
1651;LOT;BEERSEL;Beersel
1570;GALMAARDEN;GALMAARDEN;Galmaarden
1755;KESTER;GOOIK;Gooik
3400;NEERWINDEN-LAAR;LANDEN;Landen
3321;OUTGAARDEN;HOEGAARDEN;Hoegaarden
1630;LINKEBEEK;LINKEBEEK;Linkebeek
1500;HALLE (HALLE);HALLE;Halle
3400;LANDEN-RUMSDORP;LANDEN;Landen
1640;SINT-GENESIUS-RODE;SINT-GENESIUS-RODE;Sint-genesius-rode
3400;LANDEN;LANDEN;Landen
3400;NEERWINDEN-OVERWINDEN;LANDEN;Landen
1570;TOLLEMBEEK;GALMAARDEN;Galmaarden
3040;OTTENBURG;HULDENBERG;Huldenberg
1654;HUIZINGEN;BEERSEL;Beersel
1652;ALSEMBERG;BEERSEL;Beersel
1540;HERFELINGEN;HERNE;Herne
1653;DWORP;BEERSEL;Beersel
1670;BOGAARDEN;PEPINGEN;Pepingen
1501;BUIZINGEN;HALLE;Halle
1674;BELLINGEN;PEPINGEN;Pepingen
1540;HERNE;HERNE;Herne
1670;HEIKRUIS;PEPINGEN;Pepingen
3401;WALSHOUTEM;LANDEN;Landen
1673;BEERT;PEPINGEN;Pepingen
1547;BEVER;BEVER;Bever
1502;LEMBEEK;HALLE;Halle
1541;SINT-PIETERS-KAPELLE (HERNE);HERNE;Herne
1120;BRUSSEL-NEDER-OVERHEEMBEEK;BRUSSEL;Brussel
1130;BRUSSEL-HAREN;BRUSSEL;Brussel
1020;BRUSSEL-LAKEN;BRUSSEL;Brussel
1090;JETTE;JETTE;Jette
1020;BRUSSEL-ANTWERPSE STWG;BRUSSEL;Brussel
1140;EVERE;EVERE;Evere
1083;GANSHOREN;GANSHOREN;Ganshoren
1030;SCHAARBEEK;SCHAARBEEK;Schaarbeek
1082;SINT-AGATHA-BERCHEM;SINT-AGATHA-BERCHEM;Sint-agatha-berchem
1080;SINT-JANS-MOLENBEEK;SINT-JANS-MOLENBEEK;Sint-jans-molenbeek
1081;KOEKELBERG;KOEKELBERG;Koekelberg
1200;SINT-LAMBRECHTS-WOLUWE;SINT-LAMBRECHTS-WOLUWE;Sint-lambrechts-woluwe
1210;SINT-JOOST-TEN-NODE;SINT-JOOST-TEN-NODE;Sint-joost-ten-node
1020;BRUSSEL PENTAGOON;BRUSSEL;Brussel
1020;BRUSSEL-WETSTRAAT;BRUSSEL;Brussel
1070;ANDERLECHT-CENTRUM;ANDERLECHT;Anderlecht
1150;SINT-PIETERS-WOLUWE;SINT-PIETERS-WOLUWE;Sint-pieters-woluwe
1070;ANDERLECHT-KANAAL-SPOOR OOST;ANDERLECHT;Anderlecht
1040;ETTERBEEK;ETTERBEEK;Etterbeek
1060;SINT-GILLIS;SINT-GILLIS;Sint-gillis
1070;ANDERLECHT-RING WEST;ANDERLECHT;Anderlecht
1050;BRUSSEL-LOUISA;BRUSSEL;Brussel
1050;ELSENE;ELSENE;Elsene
1190;VORST (VORST);VORST;Vorst
1160;OUDERGEM;OUDERGEM;Oudergem
1180;UKKEL;UKKEL;Ukkel
1170;WATERMAAL-BOSVOORDE;WATERMAAL-BOSVOORDE;Watermaal-bosvoorde
